code_1;code_2;code_3;code_4;name;genre;Living;brol;brol2;brol3
aar;aar;;aa;Afar;Individual;Living;"Qafaraf; â€™Afar Af; Afaraf; Qafar af";;
abk;abk;;ab;Abkhazian;Individual;Living;"ĞÒ§ÑÑƒĞ° Ğ±Ñ‹Ğ·ÑˆÓ™Ğ°; ĞÒ§ÑÑˆÓ™Ğ°";Abkhaz;
ace;ace;;;Achinese;Individual;Living;Ø¨Ù‡Ø³Ø§ Ø§Ú†ÙŠÙ‡;Acehnese;
ach;ach;;;Acoli;Individual;Living;Lwo;Acholi;
ada;ada;;;Adangme;Individual;Living;Dangme;Dangme;
ady;ady;;;"Adyghe; Adygei";Individual;Living;"ĞĞ´Ñ‹Ğ³Ğ°Ğ±Ğ·Ñ; ĞšÓĞ°Ñ…Ñ‹Ğ±Ğ·Ñ";West Circassian;
afr;afr;;af;Afrikaans;Individual;Living;Afrikaans;;
ain;ain;;;Ainu;Individual;Living;ã‚¢ã‚¤ãƒŒãƒ»ã‚¤ã‚¿ã‡°;;
aka;aka;;ak;Akan;Macrolanguage;Living;Akan;;
alb* / sqi;sqi;;sq;Albanian;Macrolanguage;Living;Shqip;;
ale;ale;;;Aleut;Individual;Living;"Ğ£Ğ½Ã¡ÓˆĞ°Ğ¼ Ñ‚ÑƒĞ½ÑƒÃ½; Ğ£Ğ½Ğ°ÓˆĞ°Ğ½ ÑƒĞ¼ÑÑƒÑƒ";;
alt;alt;;;Southern Altai;Individual;Living;ĞĞ»Ñ‚Ğ°Ğ¹ Ñ‚Ğ¸Ğ»Ğ¸;;
amh;amh;;am;Amharic;Individual;Living;áŠ áˆ›áˆ­áŠ›;;
anp;anp;;;Angika;Individual;Living;;;
ara;ara;;ar;Arabic;Macrolanguage;Living;Ø§Ù„Ø¹ÙØ±ÙØ¨ÙÙŠÙÙ‘Ø©;;
arg;arg;;an;Aragonese;Individual;Living;aragonÃ©s;;
arm* / hye;hye;;hy;Armenian;Individual;Living;"Õ€Õ¡ÕµÕ¥Ö€Õ§Õ¶; Õ€Õ¡ÕµÕ¥Ö€Õ¥Õ¶";;
arn;arn;;;"Mapudungun; Mapuche";Individual;Living;;;
arp;arp;;;Arapaho;Individual;Living;HinÃ³noÊ¼eitÃ­Ã­t;;
arw;arw;;;Arawak;Individual;Living;Lokono;Lokono;
asm;asm;;as;Assamese;Individual;Living;à¦…à¦¸à¦®à§€à¦¯à¦¼à¦¾;;
ast;ast;;;"Asturian; Bable; Leonese; Asturleonese";Individual;Living;Asturianu;;
ava;ava;;av;Avaric;Individual;Living;"ĞœĞ°Ğ³ÓĞ°Ñ€ÑƒĞ» Ğ¼Ğ°Ñ†Ó; ĞĞ²Ğ°Ñ€ Ğ¼Ğ°Ñ†Ó";Avar;
awa;awa;;;Awadhi;Individual;Living;à¤…à¤µà¤§à¥€;;
aym;aym;;ay;Aymara;Macrolanguage;Living;Aymar aru;;
aze;aze;;az;Azerbaijani;Macrolanguage;Living;"AzÉ™rbaycan dili; Ø¢Ø°Ø±Ø¨Ø§ÛŒØ¬Ø§Ù† Ø¯ÛŒÙ„ÛŒ; ĞĞ·Ó™Ñ€Ğ±Ğ°Ñ˜Ò¹Ğ°Ğ½ Ğ´Ğ¸Ğ»Ğ¸";;
bak;bak;;ba;Bashkir;Individual;Living;"Ğ‘Ğ°ÑˆÒ¡Ğ¾Ñ€Ñ‚ Ñ‚ĞµĞ»Ğµ; BaÅŸqort tele";;
bal;bal;;;Baluchi;Macrolanguage;Living;Ø¨Ù„ÙˆÚ†ÛŒ;Balochi;
bam;bam;;bm;Bambara;Individual;Living;ß“ßŠß¡ßŠß£ßŠß£ßßŠß£;;
ban;ban;;;Balinese;Individual;Living;"á¬ªá¬µá¬±á¬©á¬®á¬¶; á¬©á¬²á¬©á¬®á¬¶";;
baq* / eus;eus;;eu;Basque;Individual;Living;euskara;;
bas;bas;;;Basa;Individual;Living;"Mbene; ÆasaÃ¡";Basaa;
bej;bej;;;"Beja; Bedawiyet";Individual;Living;Bidhaawyeet;;
bel;bel;;be;Belarusian;Individual;Living;Ğ‘ĞµĞ»Ğ°Ñ€ÑƒÑĞºĞ°Ñ Ğ¼Ğ¾Ğ²Ğ°;;
bem;bem;;;Bemba;Individual;Living;Chibemba;;
ben;ben;;bn;Bengali;Individual;Living;à¦¬à¦¾à¦‚à¦²à¦¾;;
bho;bho;;;Bhojpuri;Individual;Living;à¤­à¥‹à¤œà¤ªà¥à¤°à¥€;;
bik;bik;;;Bikol;Macrolanguage;Living;;;
bin;bin;;;"Bini; Edo";Individual;Living;áº¸Ì€dÃ³;;
bis;bis;;bi;Bislama;Individual;Living;;;
bla;bla;;;Siksika;Individual;Living;á“±á–½á§á–¿;Blackfoot;
bod / tib*;bod;;bo;Tibetan;Individual;Living;"à½–à½¼à½‘à¼‹à½¦à¾à½‘à¼‹; à½£à¾·à¼‹à½¦à½ à½²à¼‹à½¦à¾à½‘à¼‹";;
bos;bos;;bs;Bosnian;Individual;Living;"bosanski; Ğ±Ğ¾ÑĞ°Ğ½ÑĞºĞ¸";;
bra;bra;;;Braj;Individual;Living;;Braj BhÄshÄ;
bre;bre;;br;Breton;Individual;Living;Brezhoneg;;
bua;bua;;;Buriat;Macrolanguage;Living;Ğ±ÑƒÑ€ÑĞ°Ğ´ Ñ…ÑĞ»ÑĞ½;Buryat;
bug;bug;;;Buginese;Individual;Living;á¨…á¨” á¨•á¨˜á¨á¨—;;
bul;bul;;bg;Bulgarian;Individual;Living;Ğ±ÑŠĞ»Ğ³Ğ°Ñ€ÑĞºĞ¸ ĞµĞ·Ğ¸Ğº;;
bur* / mya;mya;;my;Burmese;Individual;Living;"á€™á€¼á€”á€ºá€™á€¬á€…á€¬; á€™á€¼á€”á€ºá€™á€¬á€…á€€á€¬á€¸";Myanmar;
byn;byn;;;"Blin; Bilin";Individual;Living;á‰¥áˆŠáŠ“, á‰¥áˆŠáŠ•;Bilen;
cad;cad;;;Caddo;Individual;Living;HasÃ­:nay;;
car;car;;;Galibi Carib;Individual;Living;Kari'nja;Carib;
cat;cat;;ca;"Catalan; Valencian";Individual;Living;catalÃ ;;
ceb;ceb;;;Cebuano;Individual;Living;Sinugbuanong BinisayÃ¢;;
ces / cze*;ces;;cs;Czech;Individual;Living;"ÄeÅ¡tina; ÄeskÃ½ jazyk";;
cha;cha;;ch;Chamorro;Individual;Living;Finu' Chamoru;;
che;che;;ce;Chechen;Individual;Living;"ĞĞ¾Ñ…Ñ‡Ğ¸Ğ¹Ğ½ Ğ¼Ğ¾Ñ‚Ñ‚; Ù†ÙØ§Ø®Ú†ÛŒÛŒÙ† Ù…ÙˆÙ“ØªØª; áƒœáƒáƒ®áƒ©áƒ˜áƒ” áƒ›áƒ£áƒáƒ—áƒ—";;
chi* / zho;zho;;zh;Chinese;Macrolanguage;Living;"ä¸­æ–‡; æ±‰è¯­; æ¼¢èª";;
chk;chk;;;Chuukese;Individual;Living;;;
chm;chm;;;Mari;Macrolanguage;Living;Ğ¼Ğ°Ñ€Ğ¸Ğ¹ Ğ¹Ñ‹Ğ»Ğ¼Ğµ;;
chn;chn;;;Chinook jargon;Individual;Living;"chinuk wawa; wawa; chinook lelang; lelang";;
cho;cho;;;Choctaw;Individual;Living;Chahta';;
chp;chp;;;"Chipewyan; Dene Suline";Individual;Living;á‘Œá“€á“±á’¼á•„á“€ (DÃ«nesÅ³Å‚inÃ©);;
chr;chr;;;Cherokee;Individual;Living;á£á³á© á¦á¬á‚á¯áá—;;
chv;chv;;cv;Chuvash;Individual;Living;Ğ§Ó‘Ğ²Ğ°ÑˆĞ»Ğ°;;
chy;chy;;;Cheyenne;Individual;Living;TsÄ—hÃ©senÄ—stsestÈ¯tse;;
cnr;cnr;;;Montenegrin;Individual;Living;crnogorski / Ñ†Ñ€Ğ½Ğ¾Ğ³Ğ¾Ñ€ÑĞºĞ¸;;
cor;cor;;kw;Cornish;Individual;Living;Kernowek;;
cos;cos;;co;Corsican;Individual;Living;"Corsu; Lingua corsa";;
cre;cre;;cr;Cree;Macrolanguage;Living;;;
crh;crh;;;"Crimean Tatar; Crimean Turkish";Individual;Living;"ĞšÑŠÑ‹Ñ€Ñ‹Ğ¼Ñ‚Ğ°Ñ‚Ğ°Ñ€Ğ´Ğ¶Ğ°; ĞšÑŠÑ‹Ñ€Ñ‹Ğ¼Ñ‚Ğ°Ñ‚Ğ°Ñ€ Ñ‚Ğ¸Ğ»Ğ¸; Ò Ñ‹Ñ€Ñ‹Ğ¼Ñ‚Ğ°Ñ‚Ğ°Ñ€Ò—Ğ°; Ò Ñ‹Ñ€Ñ‹Ğ¼Ñ‚Ğ°Ñ‚Ğ°Ñ€ Ñ‚Ğ¸Ğ»Ğ¸";;
csb;csb;;;Kashubian;Individual;Living;KaszÃ«bsczi jÃ£zÃ«k;Cassubian;
cym / wel*;cym;;cy;Welsh;Individual;Living;"Cymraeg; y Gymraeg";;
cze* / ces;ces;;cs;Czech;Individual;Living;"ÄeÅ¡tina; ÄeskÃ½ jazyk";;
dak;dak;;;Dakota;Individual;Living;"DakhÃ³tiyapi; DakÈŸÃ³tiyapi";;
dan;dan;;da;Danish;Individual;Living;dansk;;
dar;dar;;;Dargwa;Individual;Living;Ğ´Ğ°Ñ€Ğ³Ğ°Ğ½ Ğ¼ĞµĞ·;;
del;del;;;Delaware;Macrolanguage;Living;;;
den;den;;;Slave (Athapascan);Macrolanguage;Living;Dene K'e;Slavey;
dgr;dgr;;;Dogrib;Individual;Living;à¤¡à¥‹à¤—à¤°à¥€ ÚˆÙˆÚ¯Ø±Ù‰;;
din;din;;;Dinka;Macrolanguage;Living;ThuÉ”Å‹jÃ¤Å‹;;
div;div;;dv;"Divehi; Dhivehi; Maldivian";Individual;Living;"Ş‹Ş¨ŞˆŞ¬Ş€Ş¨; Ş‹Ş¨ŞˆŞ¬Ş€Ş¨Ş„Ş¦ŞŞ°";;
doi;doi;;;Dogri;Macrolanguage;Living;"à¤¡à¥‹à¤—à¤°à¥€; ÚˆÙˆÚ¯Ø±Ù‰";;
dsb;dsb;;;Lower Sorbian;Individual;Living;"Dolnoserbski; DolnoserbÅ¡Ä‡ina";;
dua;dua;;;Duala;Individual;Living;;;
dut* / nld;nld;;nl;"Dutch; Flemish";Individual;Living;"Nederlands; Vlaams";;
dyu;dyu;;;Dyula;Individual;Living;Julakan;Jula;
dzo;dzo;;dz;Dzongkha;Individual;Living;à½¢à¾«à½¼à½„à¼‹à½à¼‹;;
efi;efi;;;Efik;Individual;Living;;;
eka;eka;;;Ekajuk;Individual;Living;;Kajuk;
ell / gre*;ell;;el;Greek, Modern (1453â€“);Individual;Living;ÎÎ­Î± Î•Î»Î»Î·Î½Î¹ÎºÎ¬;;
eng;eng;;en;English;Individual;Living;English;;
est;est;;et;Estonian;Macrolanguage;Living;eesti keel;;
eus / baq*;eus;;eu;Basque;Individual;Living;euskara;;
ewe;ewe;;ee;Ewe;Individual;Living;ÃˆÊ‹egbe;;
ewo;ewo;;;Ewondo;Individual;Living;;Kolo;
fan;fan;;;Fang;Individual;Living;;;
fao;fao;;fo;Faroese;Individual;Living;fÃ¸royskt;;
fas / per*;fas;;fa;Persian;Macrolanguage;Living;ÙØ§Ø±Ø³ÛŒ;Farsi;
fat;fat;;;Fanti;Individual;Living;"Mfantse; Fante; Fanti";Fante;
fij;fij;;fj;Fijian;Individual;Living;Na Vosa Vakaviti;;
fil;fil;;;"Filipino; Pilipino";Individual;Living;Wikang Filipino;;
fin;fin;;fi;Finnish;Individual;Living;suomen kieli;;
fon;fon;;;Fon;Individual;Living;Fon gbÃ¨;;
fra / fre*;fra;;fr;French;Individual;Living;franÃ§ais;;
fre* / fra;fra;;fr;French;Individual;Living;franÃ§ais;;
frr;frr;;;Northern Frisian;Individual;Living;"Frasch; Fresk; Freesk; Friisk";North Frisian;
frs;frs;;;Eastern Frisian;Individual;Living;Seeltersk;Saterland Frisian;
fry;fry;;fy;Western Frisian;Individual;Living;Frysk;West Frisian;
ful;ful;;ff;Fulah;Macrolanguage;Living;"Fulfulde; Pulaar; Pular";Fula;
fur;fur;;;Friulian;Individual;Living;Furlan;;
gaa;gaa;;;Ga;Individual;Living;GÃ£;;
gay;gay;;;Gayo;Individual;Living;Basa Gayo;;
gba;gba;;;Gbaya;Macrolanguage;Living;;;
geo* / kat;kat;;ka;Georgian;Individual;Living;áƒ¥áƒáƒ áƒ—áƒ£áƒšáƒ˜;;
ger* / deu;deu;;de;German;Individual;Living;Deutsch;;
gil;gil;;;Gilbertese;Individual;Living;Taetae ni Kiribati;;
gla;gla;;gd;"Gaelic; Scottish Gaelic";Individual;Living;GÃ idhlig;;
gle;gle;;ga;Irish;Individual;Living;Gaeilge;;
glg;glg;;gl;Galician;Individual;Living;galego;;
glv;glv;;gv;Manx;Individual;Living;"Gaelg; Gailck";;
gon;gon;;;Gondi;Macrolanguage;Living;;;
gor;gor;;;Gorontalo;Individual;Living;Bahasa Hulontalo;;
grb;grb;;;Grebo;Macrolanguage;Living;;;
gre* / ell;ell;;el;Greek, Modern (1453â€“);Individual;Living;ÎÎ­Î± Î•Î»Î»Î·Î½Î¹ÎºÎ¬;;
grn;grn;;gn;Guarani;Macrolanguage;Living;AvaÃ±e'áº½;;
gsw;gsw;;;"Swiss German; Alemannic; Alsatian";Individual;Living;SchwiizerdÃ¼tsch;;
guj;guj;;gu;Gujarati;Individual;Living;àª—à«àªœàª°àª¾àª¤à«€;;
gwi;gwi;;;Gwich'in;Individual;Living;Dinjii Zhuâ€™ Ginjik;;
hai;hai;;;Haida;Macrolanguage;Living;"XÌ±aat KÃ­l; XÌ±aadas KÃ­l; XÌ±aayda Kil; Xaad kil";;
hat;hat;;ht;"Haitian; Haitian Creole";Individual;Living;kreyÃ²l ayisyen;;
hau;hau;;ha;Hausa;Individual;Living;"Harshen Hausa; Ù‡ÙØ±Ù’Ø´ÙÙ†";;
haw;haw;;;Hawaiian;Individual;Living;Ê»ÅŒlelo HawaiÊ»i;;
heb;heb;;he;Hebrew;Individual;Living;×¢×‘×¨×™×ª;;
her;her;;hz;Herero;Individual;Living;Otjiherero;;
hil;hil;;;Hiligaynon;Individual;Living;Ilonggo;;
hin;hin;;hi;Hindi;Individual;Living;à¤¹à¤¿à¤¨à¥à¤¦à¥€;;
hmn;hmn;;;"Hmong; Mong";Macrolanguage;Living;"lus Hmoob; lug Moob; lol Hmongb";;
hmo;hmo;;ho;Hiri Motu;Individual;Living;;;
hrv;hrv;;hr;Croatian;Individual;Living;hrvatski;;
hsb;hsb;;;Upper Sorbian;Individual;Living;hornjoserbÅ¡Ä‡ina;;
hun;hun;;hu;Hungarian;Individual;Living;magyar nyelv;;
hup;hup;;;Hupa;Individual;Living;Na:tinixwe Mixine:whe';;
hyeÂ /Â arm*;hye;;hy;Armenian;Individual;Living;"Õ€Õ¡ÕµÕ¥Ö€Õ§Õ¶; Õ€Õ¡ÕµÕ¥Ö€Õ¥Õ¶";;
iba;iba;;;Iban;Individual;Living;Jaku Iban;;
ibo;ibo;;ig;Igbo;Individual;Living;Asá»¥sá»¥ Igbo;;
ice* / isl;isl;;is;Icelandic;Individual;Living;Ã­slenska;;
iii;iii;;ii;"Sichuan Yi; Nuosu";Individual;Living;ê†ˆêŒ ê‰™;;
iku;iku;;iu;Inuktitut;Macrolanguage;Living;áƒá“„á’ƒá‘á‘á‘¦;;
ilo;ilo;;;Iloko;Individual;Living;"Pagsasao nga Ilokano; Ilokano";Ilocano;
ind;ind;;id;Indonesian;Individual;Living;bahasa Indonesia;;
inh;inh;;;Ingush;Individual;Living;Ğ“Ó€Ğ°Ğ»Ğ³Ó€Ğ°Ğ¹ Ğ¼Ğ¾Ñ‚Ñ‚;;
ipk;ipk;;ik;Inupiaq;Macrolanguage;Living;IÃ±upiaq;;
isl / ice*;isl;;is;Icelandic;Individual;Living;Ã­slenska;;
ita;ita;;it;Italian;Individual;Living;"italiano; lingua italiana";;
jav;jav;;jv;Javanese;Individual;Living;ê¦§ê¦±ê¦—ê¦®;;
jpn;jpn;;ja;Japanese;Individual;Living;æ—¥æœ¬èª;;
jpr;jpr;;;Judeo-Persian;Individual;Living;Dzhidi;;
jrb;jrb;;;Judeo-Arabic;Macrolanguage;Living;Ø¹Ø±Ø¨ÙŠØ© ÙŠÙ‡ÙˆØ¯ÙŠØ© / ×¢×¨×‘×™×ª ×™×”×•×“×™×ª;;
kaa;kaa;;;Kara-Kalpak;Individual;Living;"Qaraqalpaq tili; ÒšĞ°Ñ€Ğ°Ò›Ğ°Ğ»Ğ¿Ğ°Ò› Ñ‚Ğ¸Ğ»Ğ¸";Karakalpak;
kab;kab;;;Kabyle;Individual;Living;"TamaziÉ£t Taqbaylit; Tazwawt";;
kac;kac;;;"Kachin; Jingpho";Individual;Living;Jingpho;;
kal;kal;;kl;"Kalaallisut; Greenlandic";Individual;Living;;;
kam;kam;;;Kamba;Individual;Living;;;
kan;kan;;kn;Kannada;Individual;Living;à²•à²¨à³à²¨à²¡;;
kas;kas;;ks;Kashmiri;Individual;Living;à¤•à¥‰à¤¶à¥à¤° / ÙƒØ£Ø´ÙØ±;;
kat / geo*;kat;;ka;Georgian;Individual;Living;áƒ¥áƒáƒ áƒ—áƒ£áƒšáƒ˜;;
kau;kau;;kr;Kanuri;Macrolanguage;Living;;;
kaz;kaz;;kk;Kazakh;Individual;Living;Ò›Ğ°Ğ·Ğ°Ò› Ñ‚Ñ–Ğ»Ñ– / qazaq tili;;
kbd;kbd;;;Kabardian;Individual;Living;ĞĞ´Ñ‹Ğ³ÑĞ±Ğ·Ñ (ĞšÑŠÑĞ±ÑÑ€Ğ´ĞµĞ¹Ğ±Ğ·Ñ);;
kha;kha;;;Khasi;Individual;Living;à¦•à¦¾ à¦•à¦¤à¦¿à¦¯à¦¼à§‡à¦¨ à¦–à¦¾à¦¶à¦¿;;
khm;khm;;km;Central Khmer;Individual;Living;á—á¶áŸá¶ááŸ’á˜áŸ‚áš;;
kik;kik;;ki;"Kikuyu; Gikuyu";Individual;Living;GÄ©kÅ©yÅ©;;
kin;kin;;rw;Kinyarwanda;Individual;Living;;;
kir;kir;;ky;"Kirghiz; Kyrgyz";Individual;Living;"ĞºÑ‹Ñ€Ğ³Ñ‹Ğ·Ñ‡Ğ°; ĞºÑ‹Ñ€Ğ³Ñ‹Ğ· Ñ‚Ğ¸Ğ»Ğ¸";;
kmb;kmb;;;Kimbundu;Individual;Living;;;
kok;kok;;;Konkani;Macrolanguage;Living;à¤•à¥‹à¤‚à¤•à¤£à¥€;;
kom;kom;;kv;Komi;Macrolanguage;Living;ĞšĞ¾Ğ¼Ğ¸ ĞºÑ‹Ğ²;;
kon;kon;;kg;Kongo;Macrolanguage;Living;;;
kor;kor;;ko;Korean;Individual;Living;í•œêµ­ì–´;;
kos;kos;;;Kosraean;Individual;Living;;;
kpe;kpe;;;Kpelle;Macrolanguage;Living;KpÉ›lÉ›woo;;
krc;krc;;;Karachay-Balkar;Individual;Living;"ĞšÑŠĞ°Ñ€Ğ°Ñ‡Ğ°Ğ¹-ĞœĞ°Ğ»ĞºÑŠĞ°Ñ€ Ñ‚Ğ¸Ğ»; Ğ¢Ğ°ÑƒĞ»Ñƒ Ñ‚Ğ¸Ğ»";;
krl;krl;;;Karelian;Individual;Living;"karjal; kariela; karjala";;
kru;kru;;;Kurukh;Individual;Living;à¤•à¥à¤¡à¤¼à¥à¤–à¤¼;;
kua;kua;;kj;"Kuanyama; Kwanyama";Individual;Living;;;
kum;kum;;;Kumyk;Individual;Living;ĞºÑŠÑƒĞ¼ÑƒĞºÑŠ Ñ‚Ğ¸Ğ»/qumuq til;;
kur;kur;;ku;Kurdish;Macrolanguage;Living;KurdÃ® / Ú©ÙˆØ±Ø¯ÛŒ;;
kut;kut;;;Kutenai;Individual;Living;;;
lad;lad;;;Ladino;Individual;Living;Judeo-espaÃ±ol;Judaeo-Spanish;
lah;lah;;;Lahnda;Macrolanguage;Living;Ø¨Ú¾Ø§Ø±Øª Ú©Ø§;Western Punjabi;
lam;lam;;;Lamba;Individual;Living;;;
lao;lao;;lo;Lao;Individual;Living;àºàº²àºªàº²àº¥àº²àº§;;
lav;lav;;lv;Latvian;Macrolanguage;Living;LatvieÅ¡u valoda;;
lez;lez;;;Lezghian;Individual;Living;Ğ›ĞµĞ·Ğ³Ğ¸ Ñ‡ÓĞ°Ğ»;Lezgian;
lim;lim;;li;"Limburgan; Limburger; Limburgish";Individual;Living;LÃ¨mburgs;;
lin;lin;;ln;Lingala;Individual;Living;;;
lit;lit;;lt;Lithuanian;Individual;Living;lietuviÅ³ kalba;;
lol;lol;;;Mongo;Individual;Living;Lomongo;;
loz;loz;;;Lozi;Individual;Living;;;
ltz;ltz;;lb;"Luxembourgish; Letzeburgesch";Individual;Living;LÃ«tzebuergesch;;
lua;lua;;;Luba-Lulua;Individual;Living;Tshiluba;Luba-Kasai;
lub;lub;;lu;Luba-Katanga;Individual;Living;Kiluba;;
lug;lug;;lg;Ganda;Individual;Living;Luganda;Luganda;
lun;lun;;;Lunda;Individual;Living;Chilunda;;
luo;luo;;;Luo (Kenya and Tanzania);Individual;Living;Dholuo;;
lus;lus;;;Lushai;Individual;Living;Mizo á¹­awng;Mizo;
mac*Â /Â mkd;mkd;;mk;Macedonian;Individual;Living;Ğ¼Ğ°ĞºĞµĞ´Ğ¾Ğ½ÑĞºĞ¸ Ñ˜Ğ°Ğ·Ğ¸Ğº;;
mad;mad;;;Madurese;Individual;Living;Madhura;;
mag;mag;;;Magahi;Individual;Living;à¤®à¤—à¤¹à¥€;;
mah;mah;;mh;Marshallese;Individual;Living;Kajin MÌ§ajeÄ¼;;
mai;mai;;;Maithili;Individual;Living;"à¤®à¥ˆà¤¥à¤¿à¤²à¥€; à¦®à§ˆà¦¥à¦¿à¦²à§€";;
mak;mak;;;Makasar;Individual;Living;Basa Mangkasara' / á¨…á¨” á¨†á¨€á¨”á¨‘;Makassarese;
mal;mal;;ml;Malayalam;Individual;Living;à´®à´²à´¯à´¾à´³à´‚;;
man;man;;;Mandingo;Macrolanguage;Living;Mandi'nka kango;Manding;
mao* / mri;mri;;mi;Maori;Individual;Living;Te Reo MÄori;;
mar;mar;;mr;Marathi;Individual;Living;à¤®à¤°à¤¾à¤ à¥€;;
mas;mas;;;Masai;Individual;Living;É”l;;
may* / msa;msa;;ms;Malay;Macrolanguage;Living;Bahasa Melayu;;
mdf;mdf;;;Moksha;Individual;Living;Ğ¼Ğ¾ĞºÑˆĞµĞ½ÑŒ ĞºÑĞ»ÑŒ;;
mdr;mdr;;;Mandar;Individual;Living;;;
men;men;;;Mende;Individual;Living;MÉ›nde yia;;
mic;mic;;;"Mi'kmaq; Micmac";Individual;Living;MÃ­kmawÃ­simk;;
min;min;;;Minangkabau;Individual;Living;Baso Minang;;
mkd / mac*;mkd;;mk;Macedonian;Individual;Living;Ğ¼Ğ°ĞºĞµĞ´Ğ¾Ğ½ÑĞºĞ¸ Ñ˜Ğ°Ğ·Ğ¸Ğº;;
mlg;mlg;;mg;Malagasy;Macrolanguage;Living;;;
mlt;mlt;;mt;Maltese;Individual;Living;Malti;;
mnc;mnc;;;Manchu;Individual;Living;á ®á  á ¨á µá¡  á¡¤á¡³á °á¡ á ¨;;
mni;mni;;;Manipuri;Individual;Living;;Meitei;
moh;moh;;;Mohawk;Individual;Living;Kanienâ€™kÃ©ha;;
mon;mon;;mn;Mongolian;Macrolanguage;Living;"Ğ¼Ğ¾Ğ½Ğ³Ğ¾Ğ» Ñ…ÑĞ»; á ®á £á ©á ­á £á ¯ á ¬á ¡á ¯á ¡";;
mos;mos;;;Mossi;Individual;Living;MoorÃ©;;
mri / mao*;mri;;mi;Maori;Individual;Living;Te Reo MÄori;;
msa / may*;msa;;ms;Malay;Macrolanguage;Living;Bahasa Melayu;;
mus;mus;;;Creek;Individual;Living;Mvskoke;Muscogee;
mwl;mwl;;;Mirandese;Individual;Living;"mirandÃ©s; lhÃ©ngua mirandesa";;
mwr;mwr;;;Marwari;Macrolanguage;Living;à¤®à¤¾à¤°à¤µà¤¾à¤¡à¤¼à¥€;;
mya / bur*;mya;;my;Burmese;Individual;Living;"á€™á€¼á€”á€ºá€™á€¬á€…á€¬; á€™á€¼á€”á€ºá€™á€¬á€…á€€á€¬á€¸";Myanmar;
myv;myv;;;Erzya;Individual;Living;ÑÑ€Ğ·ÑĞ½ÑŒ ĞºĞµĞ»ÑŒ;;
nap;nap;;;Neapolitan;Individual;Living;napulitano;;
nau;nau;;na;Nauru;Individual;Living;dorerin Naoero;Nauruan;
nav;nav;;nv;"Navajo; Navaho";Individual;Living;"DinÃ© bizaad; NaabeehÃ³ bizaad";;
nbl;nbl;;nr;"Ndebele, South; South Ndebele";Individual;Living;isiNdebele seSewula;Southern Ndebele;
nde;nde;;nd;"Ndebele, North; North Ndebele";Individual;Living;siNdebele saseNyakatho;Northern Ndebele;
ndo;ndo;;ng;Ndonga;Individual;Living;ndonga;;
nds;nds;;;"Low German; Low Saxon; German, Low; Saxon, Low";Individual;Living;"PlattdÃ¼tsch; PlattdÃ¼Ã¼tsch";;
nep;nep;;ne;Nepali;Macrolanguage;Living;à¤¨à¥‡à¤ªà¤¾à¤²à¥€ à¤­à¤¾à¤·à¤¾;;
new;new;;;"Nepal Bhasa; Newari";Individual;Living;à¤¨à¥‡à¤ªà¤¾à¤² à¤­à¤¾à¤·à¤¾, à¤¨à¥‡à¤µà¤¾à¤ƒ à¤­à¤¾à¤¯à¥;Newar;
nia;nia;;;Nias;Individual;Living;Li Niha;;
niu;niu;;;Niuean;Individual;Living;ko e vagahau NiuÄ“;;
nld / dut*;nld;;nl;"Dutch, Flemish";Individual;Living;"Nederlands; Vlaams";;
nno;nno;;nn;"Norwegian Nynorsk; Nynorsk, Norwegian";Individual;Living;nynorsk;Nynorsk;
nob;nob;;nb;"BokmÃ¥l, Norwegian; Norwegian BokmÃ¥l";Individual;Living;bokmÃ¥l;BokmÃ¥l;
nog;nog;;;Nogai;Individual;Living;ĞĞ¾Ğ³Ğ°Ğ¹ Ñ‚Ğ¸Ğ»Ğ¸;;
nor;nor;;no;Norwegian;Macrolanguage;Living;norsk;;
nqo;nqo;;;N'Ko;Individual;Living;;;
nso;nso;;;"Pedi; Sepedi; Northern Sotho";Individual;Living;Sesotho sa Leboa;;
nya;nya;;ny;"Chichewa; Chewa; Nyanja";Individual;Living;"Chichewa; Chinyanja";;
nym;nym;;;Nyamwezi;Individual;Living;;;
nyn;nyn;;;Nyankole;Individual;Living;;Nkore;
nyo;nyo;;;Nyoro;Individual;Living;Runyoro;;
nzi;nzi;;;Nzima;Individual;Living;;Nzema;
oci;oci;;oc;"Occitan (post 1500); ProvenÃ§al";Individual;Living;"occitan; lenga d'Ã²c; provenÃ§al";;
oji;oji;;oj;Ojibwa;Macrolanguage;Living;;Ojibwe;
ori;ori;;or;Oriya;Macrolanguage;Living;à¬“à¬¡à¬¼à¬¿à¬†;Odia;
orm;orm;;om;Oromo;Macrolanguage;Living;Afaan Oromoo;;
osa;osa;;;Osage;Individual;Living;Wazhazhe ie / ğ“ğ“˜ğ“»ğ“˜ğ“»ğ“Ÿ ğ’»ğ“Ÿ;;
oss;oss;;os;"Ossetian; Ossetic";Individual;Living;Ğ˜Ñ€Ğ¾Ğ½ Ã¦Ğ²Ğ·Ğ°Ğ³;;
pag;pag;;;Pangasinan;Individual;Living;Salitan Pangasinan;;
pam;pam;;;"Pampanga; Kapampangan";Individual;Living;"AmÃ¡nung Kapampangan; AmÃ¡nung SÃ­suan";;
pan;pan;;pa;"Panjabi; Punjabi";Individual;Living;à¨ªà©°à¨œà¨¾à¨¬à©€ / Ù¾Ù†Ø¬Ø§Ø¨ÛŒ;;
pap;pap;;;Papiamento;Individual;Living;Papiamentu;;
pau;pau;;;Palauan;Individual;Living;a tekoi er a Belau;;
per* / fas;fas;;fa;Persian;Macrolanguage;Living;ÙØ§Ø±Ø³ÛŒ;;
pol;pol;;pl;Polish;Individual;Living;JÄ™zyk polski;;
pon;pon;;;Pohnpeian;Individual;Living;;;
por;por;;pt;Portuguese;Individual;Living;portuguÃªs;;
pus;pus;;ps;"Pushto; Pashto";Macrolanguage;Living;Ù¾ÚšØªÙˆ;;
que;que;;qu;Quechua;Macrolanguage;Living;"Runa simi; kichwa simi; Nuna shimi";;
raj;raj;;;Rajasthani;Macrolanguage;Living;à¤°à¤¾à¤œà¤¸à¥à¤¥à¤¾à¤¨à¥€;;
rap;rap;;;Rapanui;Individual;Living;Vananga rapa nui;;
rar;rar;;;"Rarotongan; Cook Islands Maori";Individual;Living;MÄori KÅ«ki 'Ä€irani;;
roh;roh;;rm;Romansh;Individual;Living;"Rumantsch; RumÃ ntsch; Romauntsch; Romontsch";;
rom;rom;;;Romany;Macrolanguage;Living;romani Ähib;Romani;
ron / rum*;ron;;ro;"Romanian; Moldavian; Moldovan";Individual;Living;limba romÃ¢nÄƒ;;
rum* / ron;ron;;ro;"Romanian; Moldavian; Moldovan";Individual;Living;limba romÃ¢nÄƒ;;
run;run;;rn;Rundi;Individual;Living;Ikirundi;Kirundi;
rup;rup;;;"Aromanian; Arumanian; Macedo-Romanian";Individual;Living;"armÃ£neashce; armÃ£neashti; rrÃ£mÃ£neshti";;
rus;rus;;ru;Russian;Individual;Living;Ñ€ÑƒÑÑĞºĞ¸Ğ¹ ÑĞ·Ñ‹Ğº;;
sad;sad;;;Sandawe;Individual;Living;Sandaweeki;;
sag;sag;;sg;Sango;Individual;Living;yÃ¢ngÃ¢ tÃ® sÃ¤ngÃ¶;;
sah;sah;;;Yakut;Individual;Living;Ğ¡Ğ°Ñ…Ğ°Ğ»Ñ‹Ñ‹;;
sas;sas;;;Sasak;Individual;Living;;;
sat;sat;;;Santali;Individual;Living;á±¥á±Ÿá±±á±›á±Ÿá±²á±¤;;
scn;scn;;;Sicilian;Individual;Living;Sicilianu;;
sco;sco;;;Scots;Individual;Living;"Braid Scots; Lallans";;
sel;sel;;;Selkup;Individual;Living;;;
shn;shn;;;Shan;Individual;Living;áµá‚‚á¢á€™á€ºá€¸á€á‚†á€¸á€šá‚‚á€º;;
sid;sid;;;Sidamo;Individual;Living;Sidaamu Afoo;;
sin;sin;;si;"Sinhala; Sinhalese";Individual;Living;à·ƒà·’à¶‚à·„à¶½;;
slo* / slk;slk;;sk;Slovak;Individual;Living;"slovenÄina; slovenskÃ½ jazyk";;
slk / slo*;slk;;sk;Slovak;Individual;Living;"slovenÄina; slovenskÃ½ jazyk";;
slv;slv;;sl;Slovenian;Individual;Living;"slovenski jezik; slovenÅ¡Äina";Slovene;
sma;sma;;;Southern Sami;Individual;Living;Ã…arjelsaemien gÃ¯ele;;
sme;sme;;se;Northern Sami;Individual;Living;davvisÃ¡megiella;;
smj;smj;;;Lule Sami;Individual;Living;julevsÃ¡megiella;;
smn;smn;;;Inari Sami;Individual;Living;anarÃ¢Å¡kielÃ¢;;
smo;smo;;sm;Samoan;Individual;Living;Gagana faÊ»a SÄmoa;;
sms;sms;;;Skolt Sami;Individual;Living;sÃ¤Ã¤Ê¹mÇ©iÃµll;;
sna;sna;;sn;Shona;Individual;Living;chiShona;;
snd;snd;;sd;Sindhi;Individual;Living;Ø³Ù†ÚŒÙŠ / à¤¸à¤¿à¤¨à¥à¤§à¥€ / à¨¸à¨¿à©°à¨§à©€;;
snk;snk;;;Soninke;Individual;Living;Sooninkanxanne;;
som;som;;so;Somali;Individual;Living;af Soomaali;;
sot;sot;;st;Sotho, Southern;Individual;Living;Sesotho [southern];;
spa;spa;;es;"Spanish; Castilian";Individual;Living;"espaÃ±ol; castellano";;
sqi / alb*;sqi;;sq;Albanian;Macrolanguage;Living;Shqip;;
srd;srd;;sc;Sardinian;Macrolanguage;Living;"sardu; limba sarda; lingua sarda";;
srn;srn;;;Sranan Tongo;Individual;Living;;;
srp;srp;;sr;Serbian;Individual;Living;ÑÑ€Ğ¿ÑĞºĞ¸ / srpski;;
srr;srr;;;Serer;Individual;Living;Seereer;;
ssw;ssw;;ss;Swati;Individual;Living;siSwati;Swazi;
suk;suk;;;Sukuma;Individual;Living;KÉªsukuma;;
sun;sun;;su;Sundanese;Individual;Living;á®˜á® á®á®¥á®”á®ªá®“ / Basa Sunda;;
sus;sus;;;Susu;Individual;Living;Sosoxui;;
swa;swa;;sw;Swahili;Macrolanguage;Living;Kiswahili;;
swe;swe;;sv;Swedish;Individual;Living;svenska;;
syr;syr;;;Syriac;Macrolanguage;Living;Ü Ü«Ü¢Ü Ü£Ü˜ÜªÜÜÜ;;
tah;tah;;ty;Tahitian;Individual;Living;"Reo Tahiti; Reo MÄ'ohi";;
tam;tam;;ta;Tamil;Individual;Living;à®¤à®®à®¿à®´à¯;;
tat;tat;;tt;Tatar;Individual;Living;Ñ‚Ğ°Ñ‚Ğ°Ñ€ Ñ‚ĞµĞ»Ğµ / tatar tele / ØªØ§ØªØ§Ø±;;
tel;tel;;te;Telugu;Individual;Living;à°¤à±†à°²à±à°—à±;;
tem;tem;;;Timne;Individual;Living;KÊŒThemnÉ›;Temne;
ter;ter;;;Tereno;Individual;Living;TerÃªna;Terena;
tet;tet;;;Tetum;Individual;Living;Lia-Tetun;;
tgk;tgk;;tg;Tajik;Individual;Living;Ñ‚Ğ¾Ò·Ğ¸ĞºÓ£ / tojikÄ«;;
tgl;tgl;;tl;Tagalog;Individual;Living;Wikang Tagalog;;
tha;tha;;th;Thai;Individual;Living;à¸ à¸²à¸©à¸²à¹„à¸—à¸¢;;
tib* / bod;bod;;bo;Tibetan;Individual;Living;"à½–à½¼à½‘à¼‹à½¦à¾à½‘à¼‹; à½£à¾·à¼‹à½¦à½ à½²à¼‹à½¦à¾à½‘à¼‹";;
tig;tig;;;Tigre;Individual;Living;"á‰µáŒáˆ¨; á‰µáŒáˆ¬; áŠ»áˆ³; á‰µáŒáˆ«á‹­á‰µ";;
tir;tir;;ti;Tigrinya;Individual;Living;á‰µáŒáˆ­áŠ›;;
tiv;tiv;;;Tiv;Individual;Living;;;
tkl;tkl;;;Tokelau;Individual;Living;;Tokelauan;
tli;tli;;;Tlingit;Individual;Living;LingÃ­t;;
tmh;tmh;;;Tamashek;Macrolanguage;Living;;Tamasheq;
tog;tog;;;Tonga (Nyasa);Individual;Living;chiTonga;;
ton;ton;;to;Tonga (Tonga Islands);Individual;Living;lea faka-Tonga;Tongan;
tpi;tpi;;;Tok Pisin;Individual;Living;;;
tsi;tsi;;;Tsimshian;Individual;Living;;;
tsn;tsn;;tn;Tswana;Individual;Living;Setswana;;
tso;tso;;ts;Tsonga;Individual;Living;Xitsonga;;
tuk;tuk;;tk;Turkmen;Individual;Living;"TÃ¼rkmenÃ§e / Ğ¢Ò¯Ñ€ĞºĞ¼ĞµĞ½Ñ‡Ğµ / ØªÙˆØ±Ú©Ù…Ù† ØªÛŒÙ„ÛŒ ,ØªÙˆØ±Ú©Ù…Ù†Ú†Ù‡; tÃ¼rkmen dili / Ñ‚Ò¯Ñ€ĞºĞ¼ĞµĞ½ Ğ´Ğ¸Ğ»Ğ¸";;
tum;tum;;;Tumbuka;Individual;Living;chiTumbuka;;
tur;tur;;tr;Turkish;Individual;Living;TÃ¼rkÃ§e;;
tvl;tvl;;;Tuvalu;Individual;Living;"Te Ggana Tuuvalu; Te Gagana Tuuvalu";Tuvaluan;
twi;twi;;tw;Twi;Individual;Living;;;
tyv;tyv;;;Tuvinian;Individual;Living;Ñ‚Ñ‹Ğ²Ğ° Ğ´Ñ‹Ğ»;Tuvan;
udm;udm;;;Udmurt;Individual;Living;ÑƒĞ´Ğ¼ÑƒÑ€Ñ‚ ĞºÑ‹Ğ»;;
uig;uig;;ug;"Uighur; Uyghur";Individual;Living;"Ø¦Û‡ÙŠØºÛ‡Ø±Ú†Û• ; Ø¦Û‡ÙŠØºÛ‡Ø± ØªÙ‰Ù„Ù‰";;
ukr;ukr;;uk;Ukrainian;Individual;Living;ÑƒĞºÑ€Ğ°Ñ—Ğ½ÑÑŒĞºĞ° Ğ¼Ğ¾Ğ²Ğ°;;
umb;umb;;;Umbundu;Individual;Living;ÃšmbÃºndÃº;;
urd;urd;;ur;Urdu;Individual;Living;Ø§ÙØ±Ø¯ÙÙˆ;;
uzb;uzb;;uz;Uzbek;Macrolanguage;Living;"OÊ»zbekcha / ÑĞ·Ğ±ĞµĞºÑ‡Ğ° / Ø¦ÙˆØ²Ø¨ÛÚ†Ù‡; oÊ»zbek tili / ÑĞ·Ğ±ĞµĞº Ñ‚Ğ¸Ğ»Ğ¸ / Ø¦ÙˆØ¨ÛÚ© ØªÛŒÙ„ÛŒ";;
vai;vai;;;Vai;Individual;Living;ê•™ê”¤;;
ven;ven;;ve;Venda;Individual;Living;Tshivená¸“a;;
vie;vie;;vi;Vietnamese;Individual;Living;Tiáº¿ng Viá»‡t;;
vot;vot;;;Votic;Individual;Living;vaÄ‘Ä‘a ceeli;;
wal;wal;;;Walamo;Individual;Living;;;
war;war;;;Waray;Individual;Living;"Winaray; SamareÃ±o; Lineyte-Samarnon; BinisayÃ¢ nga Winaray; BinisayÃ¢ nga Samar-Leyte; â€œBinisayÃ¢ nga Warayâ€";;
was;was;;;Washo;Individual;Living;wÃ¡:Å¡iw Ê”Ã­tlu;;
wel* / cym;cym;;cy;Welsh;Individual;Living;"Cymraeg; y Gymraeg";;
wln;wln;;wa;Walloon;Individual;Living;Walon;;
wol;wol;;wo;Wolof;Individual;Living;;;
xal;xal;;;"Kalmyk; Oirat";Individual;Living;Ğ¥Ğ°Ğ»ÑŒĞ¼Ğ³ ĞºĞµĞ»Ğ½ / XaÄ¾mg keln;;
xho;xho;;xh;Xhosa;Individual;Living;isiXhosa;;
yao;yao;;;Yao;Individual;Living;;;
yap;yap;;;Yapese;Individual;Living;;;
yid;yid;;yi;Yiddish;Macrolanguage;Living;"×™×™Ö´×“×™×©, ×™×™×“×™×©; ××™×“×™×©";;
yor;yor;;yo;Yoruba;Individual;Living;Ã¨dÃ¨ YorÃ¹bÃ¡;;
zap;zap;;;Zapotec;Macrolanguage;Living;DiidxazÃ¡;;
zen;zen;;;Zenaga;Individual;Living;Tuá¸á¸ungiyya;;
zgh;zgh;;;Standard Moroccan Tamazight;Individual;Living;âµœâ´°âµâ´°âµ£âµ‰âµ–âµœ âµœâ´°âµâ´°âµ¡â´°âµ¢âµœ;Standard Moroccan Berber;
zha;zha;;za;"Zhuang; Chuang";Macrolanguage;Living;Vahcuengh / è©±åƒ®;;
zho / chi*;zho;;zh;Chinese;Macrolanguage;Living;"ä¸­æ–‡; æ±‰è¯­; æ¼¢èª";;
zul;zul;;zu;Zulu;Individual;Living;isiZulu;;
zun;zun;;;Zuni;Individual;Living;Shiwi'ma;;
